100025,staffordshire.gov.uk,OK
100041,fashionunited.uk,OK
100234,raeng.org.uk,OK
100341,surreycc.gov.uk,OK
100477,highspeedtraining.co.uk,OK
100697,iwf.org.uk,OK
100722,ukcampsite.co.uk,OK
100746,theanswerbank.co.uk,OK
100914,aberdeencity.gov.uk,OK
100972,mtv.co.uk,OK
101207,cots4tots.co.uk,OK
101332,mergesigma.uk,OK
101459,dma.org.uk,OK
101515,northernrailway.co.uk,OK
101620,humphriesshoes.co.uk,OK
101646,fairtrade.org.uk,OK
101666,slyguy.uk,OK
101880,vauxhall.co.uk,OK
101918,espares.co.uk,OK
101972,zazzle.co.uk,OK
102310,virginradio.co.uk,OK
102344,fhinds.co.uk,OK
102514,jdsports-client-resources.co.uk,OK
102655,vistaprint.co.uk,OK
102782,bnamed.uk,OK
102813,buyagift.co.uk,OK
102912,salvationarmy.org.uk,OK
103110,gmx.co.uk,OK
103149,hrmagazine.co.uk,OK
103397,talkinternet.co.uk,OK
103691,bad.org.uk,OK
103742,mathsframe.co.uk,OK
103780,furniture123.co.uk,OK
103810,battersea.org.uk,OK
103840,susx.ac.uk,OK
103889,orange.co.uk,OK
103929,getreading.co.uk,OK
103970,london-luton.co.uk,OK
104094,westbrookcycles.co.uk,OK
104452,praterraines.co.uk,OK
104672,parentseveningsystem.co.uk,OK
104741,doctors.net.uk,OK
104748,gazette-news.co.uk,OK
104861,bakerross.co.uk,OK
104876,retrobike.co.uk,OK
105119,courtauld.ac.uk,OK
105150,soletrader.co.uk,OK
105459,thefragranceshop.co.uk,OK
105889,lottoland.co.uk,OK
106076,axa.co.uk,OK
106217,prima.co.uk,OK
106236,standout.co.uk,OK
106391,equifax.co.uk,OK
106609,force9.co.uk,OK
106689,radio-uk.co.uk,OK
106952,virginexperiencedays.co.uk,OK
107051,gosh.nhs.uk,OK
107146,aegon.co.uk,OK
107268,roehampton.ac.uk,OK
107384,pizzahut.co.uk,OK
107892,freebmd.org.uk,OK
107962,motorway.co.uk,OK
108087,towerbridge.org.uk,OK
108312,darwin-online.org.uk,OK
108376,usc.co.uk,OK
108563,trekitt.co.uk,OK
108678,sellingantiques.co.uk,OK
108902,mergecola.uk,OK
108908,tsohost.co.uk,OK
108979,northshoes.co.uk,OK
108994,belle-lingerie.co.uk,OK
109059,familylives.org.uk,OK
109146,watfordobserver.co.uk,OK
109669,bdo.co.uk,OK
109798,timetastic.co.uk,OK
109909,northampton.ac.uk,OK
109996,manuals.co.uk,OK
10192,nottingham.ac.uk,OK
10248,bl.uk,OK
10451,foodnetwork.co.uk,OK
10474,nationaltrust.org.uk,OK
10546,st-andrews.ac.uk,OK
11015,fca.org.uk,OK
11105,airbnb.co.uk,OK
11162,nhm.ac.uk,OK
11620,salutemusic.uk,OK
11647,exeter.ac.uk,OK
11676,ee.co.uk,OK
11987,hse.gov.uk,OK
12110,bris.ac.uk,OK
12234,sheffield.ac.uk,OK
12371,belfasttelegraph.co.uk,OK
12498,nice.org.uk,OK
12582,bristol.ac.uk,OK
12735,southampton.ac.uk,OK
12793,glamourmagazine.co.uk,OK
13212,data.gov.uk,OK
13359,bankofengland.co.uk,OK
13463,surrey.ac.uk,OK
13584,barclays.co.uk,OK
13671,birmingham.ac.uk,OK
13868,bath.ac.uk,OK
13935,rhs.org.uk,OK
13977,gamblingcommission.gov.uk,OK
14331,vodafone.co.uk,OK
14442,ncsc.gov.uk,OK
14454,kentonline.co.uk,OK
14459,bonusprint.co.uk,OK
14473,bhf.org.uk,OK
14728,english-heritage.org.uk,OK
14797,dur.ac.uk,OK
14828,le.ac.uk,OK
14832,bfi.org.uk,OK
15089,santander.co.uk,OK
15215,citizensadvice.org.uk,OK
15292,ebi.ac.uk,OK
15343,chroniclelive.co.uk,OK
15529,bristolpost.co.uk,OK
15574,autocar.co.uk,OK
15616,nationwide.co.uk,OK
15635,halifax-online.co.uk,OK
15679,sussex.ac.uk,OK
15790,iwm.org.uk,OK
16014,qub.ac.uk,OK
16181,reading.ac.uk,OK
16304,visualsoft.co.uk,OK
16349,mentalhealth.org.uk,OK
16600,twinkl.co.uk,OK
16642,abdn.ac.uk,OK
16680,kent.ac.uk,OK
16708,ofcom.org.uk,OK
16778,123-reg.co.uk,OK
16789,espn.co.uk,OK
16935,hsbc.co.uk,OK
16940,liverpool.ac.uk,OK
17019,bankofscotland.co.uk,OK
17145,topcashback.co.uk,OK
17727,yougov.co.uk,OK
17796,nationalrail.co.uk,OK
17799,essex.ac.uk,OK
18370,flashscore.co.uk,OK
18770,openrent.co.uk,OK
18999,rmg.co.uk,OK
19028,nationalgallery.org.uk,OK
19138,oxfam.org.uk,OK
19309,lboro.ac.uk,OK
19412,roman.co.uk,OK
19438,zen.co.uk,OK
19557,audible.co.uk,OK
1168,ox.ac.uk,OK
1206,argos.co.uk,OK
1266,autotrader.co.uk,OK
110031,winfieldsoutdoors.co.uk,OK
110056,jewson.co.uk,OK
110059,dmpriest.net.uk,OK
110068,moshulu.co.uk,OK
110111,weirdfish.co.uk,OK
110230,uktv.co.uk,OK
110249,sharkclean.co.uk,OK
110325,popsugar.co.uk,OK
110351,wwt.org.uk,OK
110379,petdrugsonline.co.uk,OK
110487,abi.org.uk,OK
110558,klass.co.uk,OK
110726,lincsonline.co.uk,OK
110779,lyst.co.uk,OK
110821,terracesmenswear.co.uk,OK
110846,list.co.uk,OK
110948,myaceni.co.uk,OK
111146,consultancy.uk,OK
111220,relate.org.uk,OK
111303,atreemo.uk,OK
111313,christianaid.org.uk,OK
111612,itgovernance.co.uk,OK
111675,aboutamazon.co.uk,OK
111741,blood.co.uk,OK
111775,theknittingnetwork.co.uk,OK
111787,communityfibre.co.uk,OK
111791,footlocker.co.uk,OK
111815,mergegames.uk,OK
111971,fscs.org.uk,OK
112016,charleskeith.co.uk,OK
112084,literacytrust.org.uk,OK
112202,attitudeinc.co.uk,OK
112210,libdems.org.uk,OK
112316,timestables.co.uk,OK
112396,wallis.co.uk,OK
112508,cordings.co.uk,OK
112534,voicehost.co.uk,OK
112678,rsph.org.uk,OK
112713,fruugo.co.uk,OK
112758,thbaker.co.uk,OK
112813,shakespeare.org.uk,OK
113237,ct.uk,OK
113281,ivebo.co.uk,OK
113359,nutrition.org.uk,OK
113443,mastershoe.co.uk,OK
113561,cadbury.co.uk,OK
113733,sipgate.co.uk,OK
113822,ceh.ac.uk,OK
113847,interflora.co.uk,OK
114640,fm-base.co.uk,OK
114928,directrunning.co.uk,OK
115165,communities.gov.uk,OK
115216,boneandjoint.org.uk,OK
115441,homebuilding.co.uk,OK
115890,westsussex.gov.uk,OK
115933,rafmuseum.org.uk,OK
116045,squaremeal.co.uk,OK
116124,directbadminton.co.uk,OK
116449,thegolfshoponline.co.uk,OK
116719,suffolknews.co.uk,OK
116768,sjscycles.co.uk,OK
116873,johnlewis.co.uk,OK
117020,teachfirst.org.uk,OK
117304,myvouchercodes.co.uk,OK
117866,jojomamanbebe.co.uk,OK
118259,tlc-direct.co.uk,OK
118560,liverpool.gov.uk,OK
118970,ashtonvaleheritage.co.uk,OK
119198,has-scotland.co.uk,OK
120052,ulsterbank.co.uk,OK
120215,gousto.co.uk,OK
120229,name-generator.org.uk,OK
120289,animalfriends.co.uk,OK
120290,exercisebikesonline.uk,OK
120339,campsites.co.uk,OK
120375,booktrust.org.uk,OK
120465,dulux.co.uk,OK
120546,ourtime.co.uk,OK
120601,names.co.uk,OK
120657,lancashire.gov.uk,OK
120690,cryptodaily.co.uk,OK
120706,supersales.co.uk,OK
120712,gola.co.uk,OK
120713,livingwage.org.uk,OK
120763,london-fire.gov.uk,OK
120886,fantasyfootballhub.co.uk,OK
121104,girlguiding.org.uk,OK
121246,lisaangel.co.uk,OK
121261,chums.co.uk,OK
121412,scotcourts.gov.uk,OK
121456,citywire.co.uk,OK
121468,csp.org.uk,OK
121471,leaderlive.co.uk,OK
121544,marshallshoes.co.uk,OK
121638,thebmc.co.uk,OK
121715,parkopedia.co.uk,OK
121826,jakeshoes.co.uk,OK
121871,acupunctureworks.org.uk,OK
122141,nls.uk,OK
122183,manuall.co.uk,OK
122199,shooos.co.uk,OK
122487,uwl.ac.uk,OK
122491,admiralcasino.co.uk,OK
122823,nottinghamforest.co.uk,OK
123223,beateatingdisorders.org.uk,OK
123250,purplebricks.co.uk,OK
123373,snaintongolf.co.uk,OK
123719,ncvo.org.uk,OK
123854,computinghistory.org.uk,OK
124117,freddicounsellorlondon.co.uk,OK
124200,tritoncycles.co.uk,OK
124339,yalehomesystem.co.uk,OK
124463,bdaily.co.uk,OK
124540,outdoorlook.co.uk,OK
124596,ballycasino.co.uk,OK
124809,rcgp.org.uk,OK
125031,tapi.co.uk,OK
125246,brittany-ferries.co.uk,OK
125302,mcdonalds.co.uk,OK
125413,cardiffmet.ac.uk,OK
125621,hackney.gov.uk,OK
125698,golfbidder.co.uk,OK
125722,lbma.org.uk,OK
125749,visitbath.co.uk,OK
125760,bensherman.co.uk,OK
125888,cheaney.co.uk,OK
125943,heritagefund.org.uk,OK
126210,redpostequestrian.co.uk,OK
126256,renault.co.uk,OK
126291,bidspotter.co.uk,OK
126612,markselectrical.co.uk,OK
126686,durham.gov.uk,OK
126739,readingchronicle.co.uk,OK
126787,musthaveideas.co.uk,OK
127059,hampshirechronicle.co.uk,OK
127148,ringcentral.co.uk,OK
127168,magicmadhouse.co.uk,OK
127224,targetjobs.co.uk,OK
127382,tripp.co.uk,OK
127414,slackware.uk,OK
127449,k-hosting.co.uk,OK
127487,childcare.co.uk,OK
127548,uttings.co.uk,OK
127698,translink.co.uk,OK
127905,francisandgaye.co.uk,OK
127964,chester.ac.uk,OK
128057,geolsoc.org.uk,OK
128089,mailbox.net.uk,OK
128202,deloitte.co.uk,OK
128221,viking-direct.co.uk,OK
128228,universalrecyclingcompany.co.uk,OK
128490,modelsport.co.uk,OK
128606,pdxnet.uk,OK
128725,hostinger.co.uk,OK
128939,foxtons.co.uk,OK
128992,stubhub.co.uk,OK
129100,bestbroadbanddeals.co.uk,OK
129136,number10.gov.uk,OK
129414,dundeecity.gov.uk,OK
129468,charlies.co.uk,OK
129828,showcasecinemas.co.uk,OK
129900,saxondressagegroup.co.uk,OK
129949,haystravel.co.uk,OK
129990,uw.co.uk,OK
129993,leathercompany.co.uk,OK
130021,heartbingo.co.uk,OK
130086,shropshire.gov.uk,OK
130178,gizmodo.co.uk,OK
130242,salisburyjournal.co.uk,OK
130281,thewestmorlandgazette.co.uk,OK
130376,healthcareers.nhs.uk,OK
130530,thesalarycalculator.co.uk,OK
130574,mib.org.uk,OK
130623,travco.co.uk,OK
130634,jobsite.co.uk,OK
130849,directtennis.co.uk,OK
130862,croydon.gov.uk,OK
130888,corgihomeheat.co.uk,OK
130923,meteoguru.uk,OK
130938,greenmatch.co.uk,OK
131096,voice-online.co.uk,OK
131107,aberdeenshire.gov.uk,OK
131202,vat-search.co.uk,OK
131372,nationalhighways.co.uk,OK
131551,youtube.co.uk,OK
131594,sytner.co.uk,OK
131626,specscart.co.uk,OK
131776,undiscoveredscotland.co.uk,OK
131885,flip.uk,OK
132158,lloydstsb.co.uk,OK
132335,falmouthpacket.co.uk,OK
132428,swapz.co.uk,OK
132492,proswimwear.co.uk,OK
132540,arrivabus.co.uk,OK
132620,alpinetrek.co.uk,OK
132713,aviewfrommyseat.co.uk,OK
132742,greggs.co.uk,OK
132787,lotusshoes.co.uk,OK
132849,utilita.co.uk,OK
132896,peugeot.co.uk,OK
133012,ahdb.org.uk,OK
133065,innfinitehospitality.co.uk,OK
133146,thestalkingdirectory.co.uk,OK
133189,paulscycles.co.uk,OK
133217,tgifridays.co.uk,OK
133373,citb.co.uk,OK
133392,thewire.co.uk,OK
133489,evolutiontlm.co.uk,OK
133528,hypervolt.co.uk,OK
133565,cable.co.uk,OK
133734,voxi.co.uk,OK
133758,its.co.uk,OK
133767,gazetteandherald.co.uk,OK
133851,eastriding.gov.uk,OK
133967,genuki.org.uk,OK
134016,northyorks.gov.uk,OK
134067,envirotechmanagement.co.uk,OK
134108,patient.co.uk,OK
134187,oakfurnitureland.co.uk,OK
134355,axahealth.co.uk,OK
134415,wjfrenchandson.co.uk,OK
134457,wirralglobe.co.uk,OK
134462,russellandbromley.co.uk,OK
134644,designcouncil.org.uk,OK
134785,plusnet.co.uk,OK
135072,smarty.co.uk,OK
135124,fashiola.co.uk,OK
135284,unbiased.co.uk,OK
135317,bolton.ac.uk,OK
135534,umbro.co.uk,OK
135574,vidaxl.co.uk,OK
135582,nataliecoupland.co.uk,OK
136002,afcb.co.uk,OK
136115,allassignmenthelp.co.uk,OK
136233,cambridgeindependent.co.uk,OK
136343,building.co.uk,OK
136447,westerntelegraph.co.uk,OK
136554,powertoolsonline.uk,OK
136891,threebestrated.co.uk,OK
136916,esdm.co.uk,OK
137009,sunbingo.co.uk,OK
137108,enrgtech.co.uk,OK
137149,abertay.ac.uk,OK
137184,yourlocalguardian.co.uk,OK
137694,investegate.co.uk,OK
137700,broadcastnow.co.uk,OK
137729,uwtsd.ac.uk,OK
137905,greenandblacks.co.uk,OK
137944,linn.co.uk,OK
137995,warrenjames.co.uk,OK
138024,cordners.co.uk,OK
138159,somersetcountygazette.co.uk,OK
138602,allinlondon.co.uk,OK
138640,yorksj.ac.uk,OK
138701,certini.co.uk,OK
138729,voyage-prive.co.uk,OK
138802,panachekids.co.uk,OK
139032,frc.org.uk,OK
139057,gaynors.co.uk,OK
139110,sainsburysbank.co.uk,OK
139129,vax.co.uk,OK
139165,highwaysengland.co.uk,OK
139277,vapeuk.co.uk,OK
139318,tenpin.co.uk,OK
139676,staysure.co.uk,OK
139730,datalords.co.uk,OK
139744,bestwaywholesale.co.uk,OK
139895,sthelensstar.co.uk,OK
140053,aspc.co.uk,OK
140306,calmac.co.uk,OK
140449,wiltshiretimes.co.uk,OK
140770,thehalara.co.uk,OK
140849,newcastle.gov.uk,OK
140954,drdoctor.co.uk,OK
140974,troikaeditions.co.uk,OK
140979,ceop.police.uk,OK
141109,landrover.co.uk,OK
141302,6js.uk,OK
141436,pavers.co.uk,OK
141441,guysandstthomas.nhs.uk,OK
141601,truffleshuffle.co.uk,OK
141809,smartassessor.co.uk,OK
142060,thekelleys.org.uk,OK
142061,ironcitymotorcycles.co.uk,OK
142258,rcpch.ac.uk,OK
142267,alcoholchange.org.uk,OK
142297,basingstokegazette.co.uk,OK
142755,imperial.nhs.uk,OK
142865,belfastcity.gov.uk,OK
142948,rightbiz.co.uk,OK
142953,sofasandcouches.uk,OK
143009,glossybox.co.uk,OK
143038,royaldeals.co.uk,OK
143154,inverness-courier.co.uk,OK
143352,mankind.co.uk,OK
143392,your-move.co.uk,OK
143452,investmentweek.co.uk,OK
143548,solent.ac.uk,OK
143607,hawking.org.uk,OK
143643,halloweencostumes.co.uk,OK
143951,hertfordshire.gov.uk,OK
143953,thesunvegas.co.uk,OK
144171,mymemory.co.uk,OK
144351,fraserhart.co.uk,OK
144403,greenchef.co.uk,OK
144430,fireplacesandstoves.uk,OK
144477,goodhousekeeping.co.uk,OK
144627,ocr.org.uk,OK
145212,simplytoimpress.co.uk,OK
145441,lycamobile.co.uk,OK
145674,engelbert-strauss.co.uk,OK
145772,richmond.gov.uk,OK
146088,bargainhosts.co.uk,OK
146121,goggles4u.co.uk,OK
146140,uws.ac.uk,OK
146271,happytiger.co.uk,OK
146275,actionforchildren.org.uk,OK
146431,vampal.co.uk,OK
146573,wba.co.uk,OK
147140,elementgames.co.uk,OK
147142,damianharriscycles.co.uk,OK
147174,theconstructionindex.co.uk,OK
147192,fundraisingregulator.org.uk,OK
147404,freeshipping-essential-apps.uk,OK
147516,soletraderoutlet.co.uk,OK
147569,slimmingworld.co.uk,OK
147651,knightfrank.co.uk,OK
147664,repertoirefashion.co.uk,OK
147874,msn.co.uk,OK
147905,onlinescoutmanager.co.uk,OK
147925,sepa.org.uk,OK
147990,careco.co.uk,OK
148030,goape.co.uk,OK
148060,dilmahtea.co.uk,OK
148455,yourweather.co.uk,OK
148538,e4education.co.uk,OK
148666,redeggs.co.uk,OK
148719,derbyshire.gov.uk,OK
148725,londonfashionweek.co.uk,OK
148835,nmc.org.uk,OK
148859,foodmanufacture.co.uk,OK
148982,gastroranking.co.uk,OK
149237,foe.co.uk,OK
149301,haringey.gov.uk,OK
149508,mainline.co.uk,OK
149583,llgc.org.uk,OK
149595,legendonlineservices.co.uk,OK
149626,charitylog.co.uk,OK
149728,riverford.co.uk,OK
149831,digital-kaos.co.uk,OK
149858,runnersworld.ltd.uk,OK
149863,woxikon.co.uk,OK
149925,greatyarmouthmercury.co.uk,OK
150115,thebeachguide.co.uk,OK
150202,cosplayfu.co.uk,OK
150211,thisisoxfordshire.co.uk,OK
150395,bannatyne.co.uk,OK
150542,restaurantonline.co.uk,OK
150591,webarchive.org.uk,OK
150625,b4rn.org.uk,OK
150669,housingunits.co.uk,OK
150767,eveningtimes.co.uk,OK
150815,dfid.gov.uk,OK
150827,toolden.co.uk,OK
151026,mytutor.co.uk,OK
151033,greenocktelegraph.co.uk,OK
151200,shore.co.uk,OK
151415,scs.co.uk,OK
151687,tjswebservices.co.uk,OK
151787,coventrybuildingsociety.co.uk,OK
151878,freedom-leisure.co.uk,OK
152088,watch.co.uk,OK
152170,jammie-dodgers.co.uk,OK
152212,cardealer5.co.uk,OK
152272,scukcalculator.co.uk,OK
152289,lunarshoesonline.co.uk,OK
152298,foreca.co.uk,OK
152321,burton.co.uk,OK
152354,wandsworth.gov.uk,OK
152378,clearbooks.co.uk,OK
152503,v3.co.uk,OK
152715,barnsleyfc.org.uk,OK
152794,guidedogs.org.uk,OK
152874,sdworx.co.uk,OK
152967,apm.org.uk,OK
153013,fansnetwork.co.uk,OK
153037,bathspa.ac.uk,OK
153070,loganair.co.uk,OK
153120,falmouth.ac.uk,OK
153178,zendesk.co.uk,OK
153265,childrenssociety.org.uk,OK
153889,local-businesses.co.uk,OK
154297,varsity.co.uk,OK
154315,northumberland.gov.uk,OK
154328,joke.co.uk,OK
154366,pricespy.co.uk,OK
154529,cadburygiftsdirect.co.uk,OK
154729,james-and-nicholson.co.uk,OK
154758,watches-of-switzerland.co.uk,OK
154838,sheffield.gov.uk,OK
154940,gaborshoes.co.uk,OK
154982,pogdesign.co.uk,OK
155106,inferno.net.uk,OK
155116,bdadyslexia.org.uk,OK
155138,usenix.org.uk,OK
155185,gloucestershire.gov.uk,OK
155367,loopaddon.uk,OK
155394,freewheel.co.uk,OK
155409,nottinghamcity.gov.uk,OK
155589,paterson-arran.co.uk,OK
155959,scottishdailyexpress.co.uk,OK
156248,islington.gov.uk,OK
156527,lesacoutlet.co.uk,OK
156659,eliza.co.uk,OK
157076,powerlanguage.co.uk,OK
157343,gstt.nhs.uk,OK
157364,westlothian.gov.uk,OK
157465,digikey.co.uk,OK
157676,lakelandleather.co.uk,OK
158018,alpha123.uk,OK
158156,caravansitefinder.co.uk,OK
158714,davidlloyd.co.uk,OK
158747,forestforum.co.uk,OK
158837,eurekagolf.co.uk,OK
159044,coxandcox.co.uk,OK
159127,mig-welding.co.uk,OK
159706,chortle.co.uk,OK
159803,sjp.co.uk,OK
159867,10bet.co.uk,OK
160060,247blinds.co.uk,OK
160119,roofbox.co.uk,OK
160419,gracesguide.co.uk,OK
160464,euronics.co.uk,OK
160594,themix.org.uk,OK
160880,ownersgroup.co.uk,OK
160918,motea.uk,OK
160939,closeronline.co.uk,OK
160973,mastodonapp.uk,OK
161049,betgoodwin.co.uk,OK
161140,iwoca.co.uk,OK
161288,alliance-healthcare.co.uk,OK
161376,thinkuknow.co.uk,OK
161382,military1st.co.uk,OK
161519,jammie-dodgers.uk,OK
161551,jammiedodger.uk,OK
161561,companiesintheuk.co.uk,OK
161834,eastsussex.gov.uk,OK
161858,pramcentre.co.uk,OK
161881,love2shop.co.uk,OK
161923,towerhamlets.gov.uk,OK
162073,yuki.net.uk,OK
162116,allspars.co.uk,OK
162144,luton.gov.uk,OK
162270,scotnet.co.uk,OK
162298,cie.org.uk,OK
162339,lexus.co.uk,OK
162409,awayresorts.co.uk,OK
162627,cncinternet.co.uk,OK
162639,introversion.co.uk,OK
162777,savoo.co.uk,OK
162804,cpag.org.uk,OK
162848,samsonite.co.uk,OK
162939,muddystilettos.co.uk,OK
163016,escortrankings.uk,OK
163337,swansea.gov.uk,OK
163348,thejewelhut.co.uk,OK
163930,westnorthants.gov.uk,OK
164070,jparkers.co.uk,OK
164104,locallife.co.uk,OK
164452,simplyfeet.co.uk,OK
164524,blindsdirect.co.uk,OK
164636,costway.co.uk,OK
164847,commongrounds.co.uk,OK
164863,nottinghamshire.gov.uk,OK
164961,mob.co.uk,OK
165026,pushchairsandprams.uk,OK
165074,livecharts.co.uk,OK
165116,dorsetcouncil.gov.uk,OK
165118,labtestsonline.org.uk,OK
165130,clarins.co.uk,OK
165133,bowlsresults.co.uk,OK
165135,myjobquote.co.uk,OK
165167,leisureopportunities.co.uk,OK
165206,superga.co.uk,OK
165336,barnet.gov.uk,OK
165375,discoveruni.gov.uk,OK
165423,cumbria.ac.uk,OK
165438,mbclub.co.uk,OK
165492,aldirecruitment.co.uk,OK
165581,consobaby.co.uk,OK
165776,buckinghamshire.gov.uk,OK
165895,jysk.co.uk,OK
165973,basw.co.uk,OK
166034,in-tend.co.uk,OK
166076,thomasfudges.co.uk,OK
166234,tote.co.uk,OK
166349,studysmarter.co.uk,OK
166463,veolia.co.uk,OK
166543,ramsayhealth.co.uk,OK
166803,bluebeamstudio.co.uk,OK
166831,childrenscommissioner.gov.uk,OK
166930,scie.org.uk,OK
166934,thomasjfudge.co.uk,OK
166984,aah.co.uk,OK
167055,bigmotoringworld.co.uk,OK
167137,moose.co.uk,OK
167155,shopstyle.co.uk,OK
167160,marylandcookies.co.uk,OK
167213,ucoz.co.uk,OK
167443,condorferries.co.uk,OK
167462,educationendowmentfoundation.org.uk,OK
167468,practice365.co.uk,OK
167698,ypo.co.uk,OK
167711,livingsocial.co.uk,OK
167805,expresspublishing.co.uk,OK
167865,gonortheast.co.uk,OK
167964,footballamerica.co.uk,OK
168058,kirklees.gov.uk,OK
168174,doogal.co.uk,OK
168301,1to1legal.co.uk,OK
168583,scottishwidows.co.uk,OK
168609,cardiff.gov.uk,OK
168623,activelearnprimary.co.uk,OK
168706,giftcardstore.co.uk,OK
168782,uclh.nhs.uk,OK
168922,zare.co.uk,OK
168953,airgunforums.co.uk,OK
169436,creation.co.uk,OK
169455,marylandkeepitkookie.co.uk,OK
169527,centrio.uk,OK
169661,actuaries.org.uk,OK
169785,grahamandgreen.co.uk,OK
169876,theburtonsbiscuitcompany.uk,OK
169889,flightcentre.co.uk,OK
169978,bwfc.co.uk,OK
170048,netnorth.co.uk,OK
170167,beachshore.co.uk,OK
170226,bradford.gov.uk,OK
170317,cars245.co.uk,OK
170482,nhsfleetsolutions.co.uk,OK
170569,cim.co.uk,OK
170784,domainmanage.uk,OK
170833,kaspersky.co.uk,OK
171046,cambridgeshire.gov.uk,OK
171105,houseofwatches.co.uk,OK
171174,whowhatwear.co.uk,OK
171221,gamolagolf.co.uk,OK
171233,hcahealthcare.co.uk,OK
171440,golfbase.co.uk,OK
171537,brickweb.co.uk,OK
171864,thedailymash.co.uk,OK
171923,skipton.co.uk,OK
172124,happybeds.co.uk,OK
172139,beds.co.uk,OK
172358,walthamforest.gov.uk,OK
172359,electricalsafetyfirst.org.uk,OK
172400,fudges.co.uk,OK
172623,guntrader.uk,OK
172646,homeflow.co.uk,OK
172707,animed.co.uk,OK
172900,outdooraction.co.uk,OK
173020,adexa.co.uk,OK
173049,sefton.gov.uk,OK
173081,officeforstudents.org.uk,OK
173307,crowncommercial.gov.uk,OK
173622,running-point.co.uk,OK
173716,ewm.co.uk,OK
174184,marshall.co.uk,OK
174285,nsns.uk,OK
174309,thirdsector.co.uk,OK
174378,finance-calculator.co.uk,OK
174497,tomshardware.co.uk,OK
174517,walsall.gov.uk,OK
174610,creditmatcher.co.uk,OK
174782,bbcrewind.co.uk,OK
174910,wisconline.co.uk,OK
174994,grisport.co.uk,OK
175104,freeindex.co.uk,OK
175288,scienceandmediamuseum.org.uk,OK
175290,thisislocallondon.co.uk,OK
175315,tennislive.co.uk,OK
175614,portland.co.uk,OK
175636,hamhigh.co.uk,OK
175755,tribalwars.co.uk,OK
175845,sockshop.co.uk,OK
175976,scottsofstow.co.uk,OK
176020,3r.org.uk,OK
176034,brooktaverner.co.uk,OK
176109,scholastic.co.uk,OK
176353,wagonwheels.uk,OK
176545,rcp.ac.uk,OK
176708,oneclearwinner.co.uk,OK
177035,helpforheroes.org.uk,OK
177143,slc.co.uk,OK
177170,wagonwheels.co.uk,OK
177688,railwaymuseum.org.uk,OK
177753,totally247.co.uk,OK
177832,plymouth.gov.uk,OK
177928,alexandra.co.uk,OK
178053,southeasternrailway.co.uk,OK
178134,reelcinemas.co.uk,OK
178145,skybluestalk.co.uk,OK
178233,herefordshire.gov.uk,OK
178259,epson.co.uk,OK
178489,promo-media.co.uk,OK
178693,omniplexcinemas.co.uk,OK
178911,fawkes-cycles.co.uk,OK
179219,freevpnapp.co.uk,OK
179284,newsdzezimbabwe.co.uk,OK
179299,marshalls.co.uk,OK
179432,milton-keynes.gov.uk,OK
179500,kidderminstershuttle.co.uk,OK
179510,thepensionsregulator.gov.uk,OK
179530,fun.co.uk,OK
179548,fitfortravel.nhs.uk,OK
179624,chipotle.co.uk,OK
179642,scienceandindustrymuseum.org.uk,OK
179659,bud.co.uk,OK
179780,gardenbuildingsdirect.co.uk,OK
179789,doncaster.gov.uk,OK
179800,drugcomparison.co.uk,OK
179855,jammiedodger.co.uk,OK
179893,bicyclechain.co.uk,OK
180127,londonmarathonevents.co.uk,OK
180148,cherryred.co.uk,OK
180172,puzzlemadness.co.uk,OK
180217,stenaline.co.uk,OK
180344,prodigits.co.uk,OK
180395,standardlife.co.uk,OK
180552,evoweb.uk,OK
180557,cruise.co.uk,OK
180612,os.uk,OK
181002,theburtonsbiscuitcompany.co.uk,OK
181168,hostingwizard.co.uk,OK
181290,suffolk.gov.uk,OK
181376,myspreadshop.co.uk,OK
181529,nmm.ac.uk,OK
181571,brightsites.co.uk,OK
181664,citroen.co.uk,OK
181938,calderdale.gov.uk,OK
181939,tht.org.uk,OK
182426,tacticalscope.co.uk,OK
182445,traditionalmusic.co.uk,OK
182508,elledecoration.co.uk,OK
182663,jsaccessories.co.uk,OK
182950,indymedia.org.uk,OK
182958,jointheclub.co.uk,OK
183102,streetcheck.co.uk,OK
183210,pedalrevolution.co.uk,OK
183281,airship.co.uk,OK
183306,hertfordshiremercury.co.uk,OK
183527,rcvs.org.uk,OK
184173,pharmacy-x.co.uk,OK
184446,freethought-dns.uk,OK
184447,gresham.ac.uk,OK
184484,itfc.co.uk,OK
184537,macdonaldhotels.co.uk,OK
184595,derby.gov.uk,OK
184616,faithjewellers.co.uk,OK
184665,farmfoods.co.uk,OK
185266,glyndwr.ac.uk,OK
185384,powys.gov.uk,OK
185424,hiscox.co.uk,OK
185797,addtoevent.co.uk,OK
185848,provu.co.uk,OK
185858,landal.co.uk,OK
186149,skinflint.co.uk,OK
186182,menkind.co.uk,OK
186328,findbiz.co.uk,OK
186558,redpassion.co.uk,OK
186604,prostitutki.uk,OK
186616,ealing.gov.uk,OK
186635,careopinion.org.uk,OK
186789,watershed.co.uk,OK
187039,abpic.co.uk,OK
187194,benjojo.co.uk,OK
187276,ash.org.uk,OK
187423,qpr.co.uk,OK
187562,americanairlines.co.uk,OK
188077,afc-chat.co.uk,OK
188265,rapecrisis.org.uk,OK
188280,wbs.ac.uk,OK
188573,brsk.co.uk,OK
188695,railcam.uk,OK
188730,tuinmaximaal.co.uk,OK
188923,hfea.gov.uk,OK
189221,worc.ac.uk,OK
189271,housepricesintheuk.co.uk,OK
189320,izib.uk,OK
189392,whittard.co.uk,OK
189409,collecticus.co.uk,OK
189606,anglianwater.co.uk,OK
189675,salford.gov.uk,OK
189762,greatbritishlife.co.uk,OK
189851,jammydodgers.co.uk,OK
189919,layershift.co.uk,OK
190078,shell.co.uk,OK
190155,workwear.co.uk,OK
190245,printerpix.co.uk,OK
190543,avis.co.uk,OK
190762,pragnell.co.uk,OK
190886,siemens.co.uk,OK
190921,jacmetalworks.co.uk,OK
190943,philipmorrisdirect.co.uk,OK
191073,wrexhamafc.co.uk,OK
191074,infotrack.co.uk,OK
191407,eurospares.co.uk,OK
191646,great.gov.uk,OK
191947,web-studio.co.uk,OK
192015,schoolcloud.co.uk,OK
192080,smarthosting.co.uk,OK
192583,winchester.ac.uk,OK
192685,wavenet.co.uk,OK
193017,nick.co.uk,OK
193056,hearstmagazines.co.uk,OK
193063,zable.co.uk,OK
193124,jack-wolfskin.co.uk,OK
193140,bigdudeclothing.co.uk,OK
193687,selectcarleasing.co.uk,OK
193746,nuttyabouthosting.co.uk,OK
193979,click4assistance.co.uk,OK
194057,3m.co.uk,OK
194212,jeanscene.co.uk,OK
194248,cookdandbombd.co.uk,OK
194266,joincustard.co.uk,OK
194646,roundhouse.org.uk,OK
194942,bcpcouncil.gov.uk,OK
194954,personalisedgiftsshop.co.uk,OK
194978,pru.co.uk,OK
195094,redbridge.gov.uk,OK
195195,caterallen.co.uk,OK
195215,cardiffcityfc.co.uk,OK
195534,multiplay.co.uk,OK
195603,greatbritaincars.co.uk,OK
195796,romanoriginals.co.uk,OK
196101,cheshireeast.gov.uk,OK
196154,allensswimwear.co.uk,OK
196524,propertypoolplus.org.uk,OK
196596,mediastorehouse.co.uk,OK
196906,zurich.co.uk,OK
196912,bedford.gov.uk,OK
197188,ava.uk,OK
197366,mykaplan.co.uk,OK
198047,burytimes.co.uk,OK
198357,gap.co.uk,OK
198380,wolseley.co.uk,OK
198735,howrse.co.uk,OK
198953,pellpax.co.uk,OK
199062,discountgolfstore.co.uk,OK
199534,mafaro.co.uk,OK
199934,ceda.ac.uk,OK
199940,sqa.org.uk,OK
200189,theshirtstore.co.uk,OK
200388,redletterdays.co.uk,OK
200427,loreal-paris.co.uk,OK
201134,morningadvertiser.co.uk,OK
201572,supersavvyme.co.uk,OK
201591,bartshealth.nhs.uk,OK
201679,sentencingcouncil.org.uk,OK
201886,houseexchange.org.uk,OK
201915,cardiffcityforum.co.uk,OK
202187,filmbooster.co.uk,OK
202240,7hundred.co.uk,OK
202462,wigan.gov.uk,OK
202551,rubyshoesdayhebdenbridge.co.uk,OK
202677,findmeagift.co.uk,OK
202968,epraise.co.uk,OK
202974,royalgreenwich.gov.uk,OK
203006,pembrokeshire.gov.uk,OK
203100,brake.org.uk,OK
203221,joinmyband.co.uk,OK
203576,dcfc.co.uk,OK
203604,ouh.nhs.uk,OK
203733,wolverhampton.gov.uk,OK
203766,natcen.ac.uk,OK
204052,sainsburysmagazine.co.uk,OK
204124,motobank.co.uk,OK
204345,cgleague.co.uk,OK
204527,kingscross.co.uk,OK
204700,suzuki.co.uk,OK
204883,worcestershire.gov.uk,OK
204933,ticketline.co.uk,OK
205072,fish4.co.uk,OK
205080,romanbaths.co.uk,OK
205207,buyitdirect.co.uk,OK
205375,cambridge.gov.uk,OK
205506,thedonkeysanctuary.org.uk,OK
205617,angus.gov.uk,OK
205624,michaelpage.co.uk,OK
206212,employeebenefits.co.uk,OK
206348,oceanfinance.co.uk,OK
207127,posterbooking.co.uk,OK
207221,cgihosting.co.uk,OK
207441,ybs.co.uk,OK
207691,bracknell-forest.gov.uk,OK
207990,terryburton.co.uk,OK
208063,bettys.co.uk,OK
208262,attitudeclothing.co.uk,OK
208738,hopevalleysaddlery.co.uk,OK
208751,avftt.co.uk,OK
208947,healthandcare.co.uk,OK
208956,hpi.co.uk,OK
209178,staffordshire-live.co.uk,OK
209275,bikesy.co.uk,OK
210198,powerman.co.uk,OK
210273,notcutts.co.uk,OK
210480,buytshirtsonline.co.uk,OK
210703,wakefield.gov.uk,OK
210818,mysmslogin.co.uk,OK
211120,bytes.co.uk,OK
211258,strikewild.co.uk,OK
211374,birminghamchoice.co.uk,OK
211637,brc.org.uk,OK
212006,europcar.co.uk,OK
212007,redrae.co.uk,OK
212042,cuh.nhs.uk,OK
212083,shopify.co.uk,OK
212188,resus.org.uk,OK
212189,leedshomes.org.uk,OK
212228,budwals.co.uk,OK
212342,cambridgeassessment.org.uk,OK
212399,civilsociety.co.uk,OK
212607,visitbristol.co.uk,OK
212867,santanderdocs.co.uk,OK
213133,peterborough.gov.uk,OK
213143,newbusinessmonitor.co.uk,OK
213214,beko.co.uk,OK
213329,theindependentpharmacy.co.uk,OK
213429,skoda.co.uk,OK
213469,tribunemag.co.uk,OK
213669,the75andztclub.co.uk,OK
213742,information-britain.co.uk,OK
213806,fifecountry.co.uk,OK
213826,cosmopolitan.co.uk,OK
213879,marketoracle.co.uk,OK
214067,home.co.uk,OK
214089,perfumeprice.co.uk,OK
214353,cii.co.uk,OK
214372,roys.co.uk,OK
214785,spanknet.co.uk,OK
214804,landc.co.uk,OK
215166,openstrike.co.uk,OK
215194,dignityfunerals.co.uk,OK
215692,chaoscity.co.uk,OK
215854,discreetlocals.co.uk,OK
217418,scoop6.co.uk,OK
218079,sparetoolparts.co.uk,OK
218092,managementtoday.co.uk,OK
218254,babybabyonline.co.uk,OK
218472,reading.gov.uk,OK
218682,weightlossresources.co.uk,OK
218885,ceopeducation.co.uk,OK
218902,michelin.co.uk,OK
219088,node4.co.uk,OK
219138,biblesociety.org.uk,OK
219164,raleigh.co.uk,OK
219392,siniat.co.uk,OK
219456,makemyblinds.co.uk,OK
219572,north-ayrshire.gov.uk,OK
219676,gchq.gov.uk,OK
220216,dcemu.co.uk,OK
220540,n-somerset.gov.uk,OK
220706,sofmilitary.co.uk,OK
220768,claridges.co.uk,OK
220793,halon.org.uk,OK
220837,bhs.org.uk,OK
220976,scottishfa.co.uk,OK
221126,getrevising.co.uk,OK
221498,thegreatbritishbakeoff.co.uk,OK
221575,ceredigion.gov.uk,OK
222037,geezersboxing.co.uk,OK
222040,double11.co.uk,OK
222215,xenserver.co.uk,OK
222248,bose.co.uk,OK
222309,entitledto.co.uk,OK
222398,elite-dns.co.uk,OK
222552,justlanded.co.uk,OK
222641,prweek.co.uk,OK
222762,housebeautiful.co.uk,OK
222826,dudley.gov.uk,OK
223154,lawyersonline.co.uk,OK
223256,cheshirewestandchester.gov.uk,OK
223411,santanderforintermediaries.co.uk,OK
223764,seikk.co.uk,OK
223823,ukbizdb.co.uk,OK
223907,ukbackorder.uk,OK
224051,autochecktrade.co.uk,OK
224168,abelandcole.co.uk,OK
224173,tradingdepot.co.uk,OK
224274,ravel.co.uk,OK
224295,propertymark.co.uk,OK
224369,insider.co.uk,OK
224380,hays.co.uk,OK
224392,pearsonclinical.co.uk,OK
224430,hertz.co.uk,OK
224487,builderdepot.co.uk,OK
224630,struts.co.uk,OK
224811,lso.co.uk,OK
224863,prudential.co.uk,OK
224950,geoip.co.uk,OK
225069,nc3rs.org.uk,OK
225158,bigclothing4u.co.uk,OK
225185,railcard.co.uk,OK
225264,mellowms.co.uk,OK
225397,west-norfolk.gov.uk,OK
225512,countryliving.co.uk,OK
225670,freethought-dns.co.uk,OK
225732,cifas.org.uk,OK
225767,cartridgesave.co.uk,OK
225804,specializedconceptstore.co.uk,OK
225829,feddit.uk,OK
225831,lutontown.co.uk,OK
225910,atlas-hub.co.uk,OK
225950,brandwise.co.uk,OK
226048,craftscouncil.org.uk,OK
226235,ras.ac.uk,OK
226468,msccruises.co.uk,OK
226498,maxi-cosi.co.uk,OK
226694,fmb.org.uk,OK
227419,thecrownestate.co.uk,OK
227476,neu.org.uk,OK
227612,fantazyrepo.uk,OK
227715,bablas.co.uk,OK
227738,wjec.co.uk,OK
227907,holidayhomes.co.uk,OK
228238,myon.co.uk,OK
228678,reviewsolicitors.co.uk,OK
228772,map.org.uk,OK
228879,pen-and-sword.co.uk,OK
228907,stmarys.ac.uk,OK
228978,denbighshire.gov.uk,OK
229033,vetuk.co.uk,OK
229053,talkphotography.co.uk,OK
229198,fragrancedirect.co.uk,OK
229200,instabelka.uk,OK
229260,mfc.co.uk,OK
229317,sewessential.co.uk,OK
229525,supermeal.co.uk,OK
229551,solihull.gov.uk,OK
229617,lajerrio.co.uk,OK
229845,moleavon.co.uk,OK
229893,jaguar.co.uk,OK
229933,freshsites.co.uk,OK
229980,kelkoo.co.uk,OK
230009,tigersafety.co.uk,OK
230124,heartinternet.co.uk,OK
230221,cityplumbing.co.uk,OK
230402,cix.co.uk,OK
230501,iasservices.org.uk,OK
230863,pai50288.uk,OK
230880,officestationery.co.uk,OK
230944,pret.co.uk,OK
231018,bexley.gov.uk,OK
231197,powertoolworld.co.uk,OK
231211,exchangeandmart.co.uk,OK
231343,safetechhosting.co.uk,OK
231468,jobijoba.co.uk,OK
231542,worcester-bosch.co.uk,OK
231598,bigdug.co.uk,OK
231612,gowork.uk,OK
231970,dreamcargiveaways.co.uk,OK
232049,uksport.gov.uk,OK
232220,active24.co.uk,OK
232274,ukbusinessforums.co.uk,OK
232308,3dweb.co.uk,OK
232311,nationalgrid.co.uk,OK
232413,awd-it.co.uk,OK
232484,letsride.co.uk,OK
232698,guardian-series.co.uk,OK
232715,barratthomes.co.uk,OK
232772,myringgo.co.uk,OK
232980,businessleader.co.uk,OK
233007,webador.co.uk,OK
233055,anglingactive.co.uk,OK
233066,chapelle.co.uk,OK
233112,baseballoutlet.co.uk,OK
233303,virginwines.co.uk,OK
233308,petscorner.co.uk,OK
